{
  "timestamp": "2025-08-24T21:12:42.162Z",
  "system": {
    "nodeVersion": "v22.15.0",
    "platform": "darwin",
    "arch": "arm64",
    "memory": 8,
    "cpuCount": 16
  },
  "tests": {
    "queuePerformance": {
      "synchronousOperations": {
        "averageTime": 1.177019301599997,
        "minTime": 0.020916999999826658,
        "maxTime": 4.011540999999852,
        "standardDeviation": 0.23947869101988495,
        "operationsPerSecond": 850
      },
      "asynchronousOperations": {
        "totalTime": 68.32924999999886,
        "averageTime": 0.0068329249999998865,
        "operationsPerSecond": 146350
      },
      "priorityHandling": {
        "normal": {
          "averageTime": 1.1663478759999943,
          "minTime": 0.022041000000172062,
          "maxTime": 1.4836249999989377,
          "standardDeviation": 0.1828671743449464,
          "operationsPerSecond": 857
        },
        "high": {
          "averageTime": 1.176900135000009,
          "minTime": 0.04100000000107684,
          "maxTime": 3.6491659999992407,
          "standardDeviation": 0.2629969707576861,
          "operationsPerSecond": 850
        },
        "urgent": {
          "averageTime": 1.1787220319999834,
          "minTime": 0.022708000000420725,
          "maxTime": 2.399375000000873,
          "standardDeviation": 0.22232203396560293,
          "operationsPerSecond": 848
        }
      },
      "bulkOperations": {
        "totalTime": 30.02325000000019,
        "throughput": 166538,
        "averageTime": 0.0060046500000000376
      },
      "meetsTarget": true,
      "targetDifference": -3.822980698400003
    },
    "memoryUsage": {
      "initial": {
        "heapUsed": 18.54,
        "heapTotal": 32.08,
        "external": 2.28
      },
      "peak": {
        "heapUsed": 19.68,
        "heapTotal": 32.08,
        "external": 2.28
      },
      "final": {
        "heapUsed": 19.68,
        "heapTotal": 32.08,
        "external": 2.28
      },
      "allocated": 1190960,
      "released": -264,
      "efficiency": -0.02216699133472157
    },
    "fastPathEfficiency": {
      "fastPath": {
        "averageTime": 0.001570926499991856,
        "minTime": 0.001082999999198364,
        "maxTime": 0.6983749999999418,
        "standardDeviation": 0.009548590782496777,
        "operationsPerSecond": 636567
      },
      "regularPath": {
        "averageTime": 1.1786035405000248,
        "minTime": 0.023167000003013527,
        "maxTime": 2.0903330000001006,
        "standardDeviation": 0.20897512850607955,
        "operationsPerSecond": 848
      },
      "speedupRatio": 750.2601429832235,
      "efficiency": 80
    },
    "objectPooling": {
      "withPooling": 0.25495799999771407,
      "withoutPooling": 0.1428330000017013,
      "improvement": -78.50076662583383,
      "poolSize": 10
    },
    "cachePerformance": {
      "totalTime": 0.9138750000020082,
      "operationsPerSecond": 10942416,
      "hitRate": 99.5,
      "missRate": 0.5,
      "averageOperationTime": 0.00009138750000020081
    }
  },
  "summary": {
    "overallScore": 80,
    "queuePerformance": {
      "meetsTarget": true,
      "avgTime": 1.177019301599997,
      "throughput": 166538
    },
    "memoryEfficiency": {
      "score": -0.02216699133472157,
      "leakRisk": "high"
    },
    "optimizationEffectiveness": {
      "fastPathUsage": 80,
      "poolingImprovement": -78.50076662583383,
      "cacheHitRate": 99.5
    }
  },
  "recommendations": [
    {
      "category": "Memory Usage",
      "priority": "medium",
      "issue": "Memory efficiency is -0.0%",
      "recommendations": [
        "Improve object pooling strategies",
        "Reduce object lifetime for temporary allocations",
        "Implement more aggressive garbage collection triggers",
        "Review large object allocations"
      ]
    }
  ]
}