{
  "timestamp": "2025-08-25T00:27:32.402Z",
  "system": {
    "nodeVersion": "v22.15.0",
    "platform": "darwin",
    "arch": "arm64",
    "memory": 5,
    "cpuCount": 16
  },
  "tests": {
    "queuePerformance": {
      "synchronousOperations": {
        "averageTime": 1.1604729943000025,
        "minTime": 0.01320799999848532,
        "maxTime": 4.972917000000052,
        "standardDeviation": 0.2279408999587189,
        "operationsPerSecond": 862
      },
      "asynchronousOperations": {
        "totalTime": 14.552458000000115,
        "averageTime": 0.0014552458000000115,
        "operationsPerSecond": 687169
      },
      "priorityHandling": {
        "normal": {
          "averageTime": 1.1524812570000122,
          "minTime": 0.013708000000406173,
          "maxTime": 1.4441249999999854,
          "standardDeviation": 0.2417509728301118,
          "operationsPerSecond": 868
        },
        "high": {
          "averageTime": 1.1577577599999422,
          "minTime": 0.03633300000001327,
          "maxTime": 1.4362080000009882,
          "standardDeviation": 0.23759251092810235,
          "operationsPerSecond": 864
        },
        "urgent": {
          "averageTime": 1.167607871000011,
          "minTime": 0.021708000000216998,
          "maxTime": 1.7118329999993875,
          "standardDeviation": 0.21007008503939864,
          "operationsPerSecond": 856
        }
      },
      "bulkOperations": {
        "totalTime": 6.465500000000247,
        "throughput": 773335,
        "averageTime": 0.0012931000000000494
      },
      "meetsTarget": true,
      "targetDifference": -3.8395270056999973
    },
    "memoryUsage": {
      "initial": {
        "heapUsed": 7.65,
        "heapTotal": 24.33,
        "external": 1.72
      },
      "peak": {
        "heapUsed": 8.78,
        "heapTotal": 24.33,
        "external": 1.72
      },
      "final": {
        "heapUsed": 8.78,
        "heapTotal": 24.33,
        "external": 1.72
      },
      "allocated": 1183664,
      "released": -264,
      "efficiency": -0.022303626704875706
    },
    "fastPathEfficiency": {
      "fastPath": {
        "averageTime": 0.00026611187499088376,
        "minTime": 0,
        "maxTime": 0.171875,
        "standardDeviation": 0.0021030498258134632,
        "operationsPerSecond": 3757818
      },
      "regularPath": {
        "averageTime": 1.1649514655000321,
        "minTime": 0.013291999999637483,
        "maxTime": 2.5958749999990687,
        "standardDeviation": 0.1882124809289061,
        "operationsPerSecond": 858
      },
      "speedupRatio": 4377.675613085436,
      "efficiency": 80
    },
    "objectPooling": {
      "withPooling": 0.907374999998865,
      "withoutPooling": 0.3410829999993439,
      "improvement": -166.02762377503728,
      "poolSize": 10
    },
    "cachePerformance": {
      "totalTime": 0.8107090000012249,
      "operationsPerSecond": 12334882,
      "hitRate": 99.5,
      "missRate": 0.5,
      "averageOperationTime": 0.00008107090000012249
    }
  },
  "summary": {
    "overallScore": 80,
    "queuePerformance": {
      "meetsTarget": true,
      "avgTime": 1.1604729943000025,
      "throughput": 773335
    },
    "memoryEfficiency": {
      "score": -0.022303626704875706,
      "leakRisk": "high"
    },
    "optimizationEffectiveness": {
      "fastPathUsage": 80,
      "poolingImprovement": -166.02762377503728,
      "cacheHitRate": 99.5
    }
  },
  "recommendations": [
    {
      "category": "Memory Usage",
      "priority": "medium",
      "issue": "Memory efficiency is -0.0%",
      "recommendations": [
        "Improve object pooling strategies",
        "Reduce object lifetime for temporary allocations",
        "Implement more aggressive garbage collection triggers",
        "Review large object allocations"
      ]
    }
  ]
}